"symbol","market","currency","timestamp","open","high","low","close","volume"
"700.HK","HK","HKD","2025-09-26T00:00:00Z",645.0,653.0,640.0,644.0,19502954.0
"700.HK","HK","HKD","2025-09-29T00:00:00Z",649.5,664.5,647.5,660.0,20489556.0
"700.HK","HK","HKD","2025-09-30T00:00:00Z",658.0,666.5,657.5,663.0,20610633.0
"700.HK","HK","HKD","2025-10-02T00:00:00Z",667.5,683.0,665.5,676.5,17113445.0
"700.HK","HK","HKD","2025-10-03T00:00:00Z",677.0,680.0,670.0,673.5,7125093.0
"700.HK","HK","HKD","2025-10-06T00:00:00Z",675.0,682.5,670.0,677.5,7828323.0
"700.HK","HK","HKD","2025-10-08T00:00:00Z",680.0,680.0,669.5,675.0,10540730.0
"700.HK","HK","HKD","2025-10-09T00:00:00Z",675.0,681.0,665.5,675.5,14454775.0
"700.HK","HK","HKD","2025-10-10T00:00:00Z",669.0,669.0,647.5,651.5,19900927.0
"700.HK","HK","HKD","2025-10-13T00:00:00Z",630.0,648.5,622.5,639.0,37984675.0
"700.HK","HK","HKD","2025-10-14T00:00:00Z",642.5,644.0,617.0,621.0,26783663.0
"700.HK","HK","HKD","2025-10-15T00:00:00Z",624.5,633.0,620.5,627.0,18380123.0
"700.HK","HK","HKD","2025-10-16T00:00:00Z",626.0,629.0,615.5,620.0,14283165.0
"700.HK","HK","HKD","2025-10-17T00:00:00Z",618.5,620.5,602.5,608.0,18650719.0
"700.HK","HK","HKD","2025-10-20T00:00:00Z",624.0,632.5,621.5,627.5,14953159.0
"700.HK","HK","HKD","2025-10-21T00:00:00Z",643.0,644.0,630.0,630.5,14170688.0
"700.HK","HK","HKD","2025-10-22T00:00:00Z",626.0,629.0,616.5,623.5,9978886.0
"700.HK","HK","HKD","2025-10-23T00:00:00Z",620.0,636.0,618.0,633.0,12419348.0
"700.HK","HK","HKD","2025-10-24T00:00:00Z",639.0,641.5,633.5,637.5,12016134.0
"700.HK","HK","HKD","2025-10-27T00:00:00Z",649.0,656.0,646.0,656.0,16043870.0
"700.HK","HK","HKD","2025-10-28T00:00:00Z",656.0,656.0,641.0,645.0,14438270.0
"700.HK","HK","HKD","2025-10-30T00:00:00Z",657.0,664.0,645.0,651.0,21771280.0
"700.HK","HK","HKD","2025-10-31T00:00:00Z",651.5,655.0,629.0,629.0,20577783.0
"700.HK","HK","HKD","2025-11-03T00:00:00Z",630.5,634.0,622.5,628.0,11591004.0
"700.HK","HK","HKD","2025-11-04T00:00:00Z",631.0,640.0,625.5,629.0,14971225.0
"700.HK","HK","HKD","2025-11-05T00:00:00Z",621.0,632.0,613.0,629.0,13307061.0
"700.HK","HK","HKD","2025-11-06T00:00:00Z",629.5,645.5,629.5,644.0,13081187.0
"700.HK","HK","HKD","2025-11-07T00:00:00Z",638.0,643.0,628.5,634.0,13314360.0
"700.HK","HK","HKD","2025-11-10T00:00:00Z",641.0,651.0,641.0,649.5,14511766.0
"700.HK","HK","HKD","2025-11-11T00:00:00Z",662.0,662.0,641.0,650.0,13087072.0
"700.HK","HK","HKD","2025-11-12T00:00:00Z",655.0,658.5,652.0,657.0,13658068.0
"700.HK","HK","HKD","2025-11-13T00:00:00Z",649.5,660.0,645.0,656.0,17299813.0
"700.HK","HK","HKD","2025-11-14T00:00:00Z",645.0,659.0,640.0,641.0,19956344.0
"700.HK","HK","HKD","2025-11-17T00:00:00Z",640.0,642.5,633.0,636.5,13789201.0
"700.HK","HK","HKD","2025-11-18T00:00:00Z",628.0,641.0,620.5,623.5,18816009.0
"700.HK","HK","HKD","2025-11-19T00:00:00Z",627.5,631.5,619.5,622.5,13958008.0
"700.HK","HK","HKD","2025-11-20T00:00:00Z",626.5,630.5,615.5,621.0,14014288.0
"700.HK","HK","HKD","2025-11-21T00:00:00Z",610.0,615.0,606.0,610.0,23731850.0
"700.HK","HK","HKD","2025-11-24T00:00:00Z",615.0,627.5,613.5,624.5,22344847.0
"700.HK","HK","HKD","2025-11-25T00:00:00Z",633.0,635.0,620.5,625.0,14877520.0
"700.HK","HK","HKD","2025-11-26T00:00:00Z",628.5,630.0,618.0,619.5,14428995.0
"700.HK","HK","HKD","2025-11-27T00:00:00Z",618.0,620.5,609.0,611.5,15493009.0
"700.HK","HK","HKD","2025-11-28T00:00:00Z",611.5,617.0,608.5,611.5,13216245.0
"700.HK","HK","HKD","2025-12-01T00:00:00Z",613.5,623.0,613.0,619.5,12643138.0
"700.HK","HK","HKD","2025-12-02T00:00:00Z",625.5,626.0,615.0,617.0,11459797.0
"700.HK","HK","HKD","2025-12-03T00:00:00Z",616.0,616.0,608.5,611.0,11002058.0
"700.HK","HK","HKD","2025-12-04T00:00:00Z",610.0,613.0,605.0,612.0,15328948.0
"700.HK","HK","HKD","2025-12-05T00:00:00Z",605.0,611.0,604.0,610.0,14638244.0
"700.HK","HK","HKD","2025-12-08T00:00:00Z",607.5,609.5,604.0,605.0,13421327.0
"700.HK","HK","HKD","2025-12-09T00:00:00Z",609.5,610.0,596.0,602.5,17431321.0
"700.HK","HK","HKD","2025-12-10T00:00:00Z",602.0,603.0,595.0,603.0,14750743.0
"700.HK","HK","HKD","2025-12-11T00:00:00Z",609.0,612.0,599.0,601.5,12480887.0
"700.HK","HK","HKD","2025-12-12T00:00:00Z",608.0,616.0,601.5,616.0,17356895.0
"700.HK","HK","HKD","2025-12-15T00:00:00Z",606.0,608.5,602.0,603.0,15165702.0
"700.HK","HK","HKD","2025-12-16T00:00:00Z",602.5,603.0,592.0,596.5,15987678.0
"700.HK","HK","HKD","2025-12-17T00:00:00Z",597.0,606.0,594.5,605.0,14824785.0
"700.HK","HK","HKD","2025-12-18T00:00:00Z",601.0,606.0,599.0,605.0,10153604.0
"700.HK","HK","HKD","2025-12-19T00:00:00Z",610.0,617.5,607.0,614.0,17765818.0
"700.HK","HK","HKD","2025-12-22T00:00:00Z",620.0,621.5,610.0,614.5,13868060.0
"700.HK","HK","HKD","2025-12-23T00:00:00Z",613.5,614.5,601.5,602.0,15623392.0
"700.HK","HK","HKD","2025-12-24T00:00:00Z",598.0,604.5,598.0,603.0,7324553.0
"700.HK","HK","HKD","2025-12-29T00:00:00Z",606.0,611.0,596.0,596.5,18502650.0
"700.HK","HK","HKD","2025-12-30T00:00:00Z",598.5,601.0,594.0,600.0,13582535.0
"700.HK","HK","HKD","2025-12-31T00:00:00Z",597.5,602.5,596.0,599.0,10838209.0
"700.HK","HK","HKD","2026-01-02T00:00:00Z",600.5,624.5,600.5,623.0,16200058.0
"700.HK","HK","HKD","2026-01-05T00:00:00Z",624.0,628.0,615.5,624.5,19947025.0
"700.HK","HK","HKD","2026-01-06T00:00:00Z",627.0,638.5,626.0,632.5,23147175.0
"700.HK","HK","HKD","2026-01-07T00:00:00Z",627.5,629.5,615.0,624.5,21378628.0
"700.HK","HK","HKD","2026-01-08T00:00:00Z",618.5,621.0,610.0,616.0,18742539.0
"700.HK","HK","HKD","2026-01-09T00:00:00Z",616.0,617.0,610.0,611.0,17813669.0
"700.HK","HK","HKD","2026-01-12T00:00:00Z",616.0,627.5,613.5,623.0,27530129.0
"700.HK","HK","HKD","2026-01-13T00:00:00Z",637.0,639.0,622.5,627.5,24212695.0
"700.HK","HK","HKD","2026-01-14T00:00:00Z",634.0,638.5,626.0,633.0,28677341.0
"700.HK","HK","HKD","2026-01-15T00:00:00Z",631.0,632.5,618.5,622.0,26194252.0
"700.HK","HK","HKD","2026-01-16T00:00:00Z",627.0,630.0,613.5,617.5,20616793.0
"700.HK","HK","HKD","2026-01-19T00:00:00Z",613.5,614.5,608.5,610.0,13233330.0
"700.HK","HK","HKD","2026-01-20T00:00:00Z",601.0,607.0,598.0,601.0,24332228.0
"700.HK","HK","HKD","2026-01-21T00:00:00Z",598.0,606.0,598.0,602.5,16003431.0
"700.HK","HK","HKD","2026-01-22T00:00:00Z",604.5,605.5,596.0,597.5,27168713.0
"700.HK","HK","HKD","2026-01-23T00:00:00Z",597.5,602.0,595.0,595.0,19177660.0
"700.HK","HK","HKD","2026-01-26T00:00:00Z",595.0,605.0,594.0,599.5,17439619.0
"700.HK","HK","HKD","2026-01-27T00:00:00Z",600.0,610.5,598.5,607.0,23887447.0
"700.HK","HK","HKD","2026-01-28T00:00:00Z",613.0,623.0,610.5,621.0,25577066.0
"700.HK","HK","HKD","2026-01-29T00:00:00Z",614.5,625.0,612.5,622.0,22951530.0
"700.HK","HK","HKD","2026-01-30T00:00:00Z",615.0,619.5,605.5,606.0,21479886.0
"700.HK","HK","HKD","2026-02-02T00:00:00Z",598.0,604.5,590.5,598.5,27926332.0
"700.HK","HK","HKD","2026-02-03T00:00:00Z",598.5,601.5,561.0,581.0,65128647.0
"700.HK","HK","HKD","2026-02-04T00:00:00Z",572.0,574.5,558.0,558.0,60374834.0
"700.HK","HK","HKD","2026-02-05T00:00:00Z",550.0,561.5,541.0,558.5,79660677.0
"700.HK","HK","HKD","2026-02-06T00:00:00Z",546.0,557.5,543.0,547.5,35402860.0
"700.HK","HK","HKD","2026-02-09T00:00:00Z",550.0,562.5,550.0,560.0,26375723.0
"700.HK","HK","HKD","2026-02-10T00:00:00Z",563.0,566.0,547.0,551.0,29211865.0
"700.HK","HK","HKD","2026-02-11T00:00:00Z",543.0,550.5,543.0,548.0,23813058.0
"700.HK","HK","HKD","2026-02-12T00:00:00Z",537.0,541.0,530.5,535.5,37828609.0
"700.HK","HK","HKD","2026-02-13T00:00:00Z",525.5,534.5,525.0,532.0,26900740.0
"700.HK","HK","HKD","2026-02-16T00:00:00Z",530.0,535.0,527.5,533.0,7224483.0
"700.HK","HK","HKD","2026-02-20T00:00:00Z",531.5,533.0,518.0,522.0,21351884.0
"700.HK","HK","HKD","2026-02-23T00:00:00Z",529.0,543.0,528.0,538.0,22136687.0
"700.HK","HK","HKD","2026-02-24T00:00:00Z",534.5,534.5,516.0,520.0,36134943.0
"700.HK","HK","HKD","2026-02-25T00:00:00Z",522.5,529.0,522.0,522.5,22838866.0
"700.HK","HK","HKD","2026-02-26T00:00:00Z",529.0,529.5,512.0,512.0,25544325.0
"700.HK","HK","HKD","2026-02-27T00:00:00Z",510.5,530.5,510.5,518.0,32229030.0
"700.HK","HK","HKD","2026-03-02T00:00:00Z",511.5,520.0,507.0,514.0,30816428.0
"700.HK","HK","HKD","2026-03-03T00:00:00Z",518.0,525.5,510.5,510.5,27370502.0
"700.HK","HK","HKD","2026-03-04T00:00:00Z",506.0,515.0,498.8,506.0,32965198.0
"700.HK","HK","HKD","2026-03-05T00:00:00Z",509.5,515.5,501.5,502.0,23955452.0
"700.HK","HK","HKD","2026-03-06T00:00:00Z",504.0,522.0,502.0,519.0,30359878.0
"700.HK","HK","HKD","2026-03-09T00:00:00Z",502.5,517.5,502.5,516.0,31383510.0
"700.HK","HK","HKD","2026-03-10T00:00:00Z",525.0,556.0,525.0,553.5,57773741.0
"700.HK","HK","HKD","2026-03-11T00:00:00Z",578.0,578.0,548.0,552.0,47623240.0
"700.HK","HK","HKD","2026-03-12T00:00:00Z",550.5,557.0,541.5,546.5,19663862.0
"700.HK","HK","HKD","2026-03-13T00:00:00Z",546.5,558.5,543.0,547.5,17184046.0
"700.HK","HK","HKD","2026-03-16T00:00:00Z",551.0,565.5,543.5,558.5,24217363.0
"700.HK","HK","HKD","2026-03-17T00:00:00Z",563.0,566.0,549.0,550.0,22872999.0
"700.HK","HK","HKD","2026-03-18T00:00:00Z",546.5,552.0,542.5,550.5,21350938.0
"700.HK","HK","HKD","2026-03-19T00:00:00Z",528.0,529.5,512.0,513.0,59432795.0
"700.HK","HK","HKD","2026-03-20T00:00:00Z",505.0,519.0,505.0,508.0,24924746.0
"700.HK","HK","HKD","2026-03-23T00:00:00Z",497.8,506.0,495.2,498.4,35123722.0
"700.HK","HK","HKD","2026-03-24T00:00:00Z",508.0,520.0,500.0,514.0,29358876.0
"700.HK","HK","HKD","2026-03-25T00:00:00Z",519.0,521.5,502.0,505.5,37353909.0
"700.HK","HK","HKD","2026-03-26T00:00:00Z",501.0,507.5,495.0,495.6,22623215.0
"700.HK","HK","HKD","2026-03-27T00:00:00Z",491.2,498.2,487.6,493.4,20346003.0
"700.HK","HK","HKD","2026-03-30T00:00:00Z",485.0,485.8,476.0,481.6,28410993.0
"700.HK","HK","HKD","2026-03-31T00:00:00Z",484.4,492.0,480.0,484.0,25801422.0
"700.HK","HK","HKD","2026-04-01T00:00:00Z",504.0,504.0,493.0,496.6,21275055.0
"700.HK","HK","HKD","2026-04-02T00:00:00Z",496.0,496.0,485.0,489.2,17030828.0
"700.HK","HK","HKD","2026-04-08T00:00:00Z",504.5,510.0,501.0,508.0,32856156.0
"700.HK","HK","HKD","2026-04-09T00:00:00Z",506.5,514.5,503.0,508.5,20722763.0
"700.HK","HK","HKD","2026-04-10T00:00:00Z",508.0,514.0,501.0,504.5,20671874.0
"700.HK","HK","HKD","2026-04-13T00:00:00Z",498.4,503.0,487.8,490.0,21140858.0
"700.HK","HK","HKD","2026-04-14T00:00:00Z",497.4,497.4,486.2,493.2,17833779.0
"700.HK","HK","HKD","2026-04-15T00:00:00Z",500.0,510.0,497.4,499.0,20288974.0
"700.HK","HK","HKD","2026-04-16T00:00:00Z",506.5,517.0,504.0,517.0,22559081.0
"700.HK","HK","HKD","2026-04-17T00:00:00Z",512.0,517.0,506.0,510.5,13747249.0
"700.HK","HK","HKD","2026-04-20T00:00:00Z",509.5,526.5,504.5,522.5,23428202.0
"700.HK","HK","HKD","2026-04-21T00:00:00Z",523.0,525.5,515.5,519.0,13113816.0
"700.HK","HK","HKD","2026-04-22T00:00:00Z",513.5,514.5,502.0,504.0,23170931.0
"700.HK","HK","HKD","2026-04-23T00:00:00Z",500.0,502.0,495.2,495.2,23497267.0
"700.HK","HK","HKD","2026-04-24T00:00:00Z",487.0,495.0,487.0,493.4,18566187.0
"700.HK","HK","HKD","2026-04-27T00:00:00Z",490.0,491.0,478.0,478.6,45048027.0
"700.HK","HK","HKD","2026-04-28T00:00:00Z",476.0,481.6,472.0,473.8,25793090.0
"700.HK","HK","HKD","2026-04-29T00:00:00Z",474.6,480.6,474.6,479.2,19321018.0
"700.HK","HK","HKD","2026-04-30T00:00:00Z",474.0,474.8,463.2,467.8,38406905.0
"700.HK","HK","HKD","2026-05-04T00:00:00Z",469.8,478.8,469.8,473.0,23758824.0
"700.HK","HK","HKD","2026-05-05T00:00:00Z",469.0,472.4,465.6,472.2,13004679.0
"700.HK","HK","HKD","2026-05-06T00:00:00Z",470.6,473.4,460.2,463.0,44367227.0
"700.HK","HK","HKD","2026-05-07T00:00:00Z",472.2,481.0,472.2,477.4,40989511.0
"700.HK","HK","HKD","2026-05-08T00:00:00Z",475.0,475.6,468.4,471.4,25207039.0
"700.HK","HK","HKD","2026-05-11T00:00:00Z",465.0,471.2,463.6,464.4,27814673.0
"700.HK","HK","HKD","2026-05-12T00:00:00Z",462.0,469.0,457.2,457.2,32469707.0
"700.HK","HK","HKD","2026-05-13T00:00:00Z",456.0,465.8,454.0,462.6,26616535.0
"700.HK","HK","HKD","2026-05-14T00:00:00Z",474.2,479.6,458.6,460.2,39339032.0
"700.HK","HK","HKD","2026-05-15T00:00:00Z",459.0,462.6,454.2,456.4,26449868.0
"700.HK","HK","HKD","2026-05-18T00:00:00Z",455.0,457.8,445.8,449.2,29497076.0
"700.HK","HK","HKD","2026-05-19T00:00:00Z",450.0,468.8,449.4,460.0,32498228.0
"700.HK","HK","HKD","2026-05-20T00:00:00Z",460.0,463.4,453.6,455.2,18927606.0
"700.HK","HK","HKD","2026-05-21T00:00:00Z",460.0,460.0,438.4,439.0,39653795.0
"700.HK","HK","HKD","2026-05-22T00:00:00Z",442.2,445.0,438.8,441.4,23998219.0
"700.HK","HK","HKD","2026-05-26T00:00:00Z",438.0,441.0,432.0,439.0,32795663.0
"700.HK","HK","HKD","2026-05-27T00:00:00Z",435.8,442.6,433.6,434.4,24863984.0
"700.HK","HK","HKD","2026-05-28T00:00:00Z",431.0,432.8,420.4,425.0,42196103.0
"700.HK","HK","HKD","2026-05-29T00:00:00Z",428.2,438.4,423.6,427.2,48005475.0
"700.HK","HK","HKD","2026-06-01T00:00:00Z",432.4,442.0,430.0,436.0,35164391.0
"700.HK","HK","HKD","2026-06-02T00:00:00Z",438.0,484.8,437.4,481.6,101874275.0
"700.HK","HK","HKD","2026-06-03T00:00:00Z",484.0,484.0,461.6,466.4,49104320.0
"700.HK","HK","HKD","2026-06-04T00:00:00Z",462.6,468.6,454.8,459.0,29053909.0
"700.HK","HK","HKD","2026-06-05T00:00:00Z",461.6,466.2,452.2,453.2,31649780.0
"700.HK","HK","HKD","2026-06-08T00:00:00Z",447.8,458.2,443.2,446.4,29019096.0
"700.HK","HK","HKD","2026-06-09T00:00:00Z",443.8,468.4,443.2,453.2,37387399.0
"700.HK","HK","HKD","2026-06-10T00:00:00Z",454.8,471.0,451.6,465.6,35788237.0
"700.HK","HK","HKD","2026-06-11T00:00:00Z",469.8,475.6,455.0,457.2,28580669.0
"700.HK","HK","HKD","2026-06-12T00:00:00Z",466.0,467.0,459.4,463.6,22334652.0
"700.HK","HK","HKD","2026-06-15T00:00:00Z",475.0,476.8,457.8,459.6,19748938.0
"700.HK","HK","HKD","2026-06-16T00:00:00Z",462.6,462.6,445.4,447.4,24323142.0
"700.HK","HK","HKD","2026-06-17T00:00:00Z",445.6,454.0,445.4,445.4,16962334.0
"700.HK","HK","HKD","2026-06-18T00:00:00Z",440.0,446.2,435.6,440.2,30119197.0
"700.HK","HK","HKD","2026-06-22T00:00:00Z",439.0,439.0,428.4,433.0,31563111.0
"700.HK","HK","HKD","2026-06-23T00:00:00Z",430.0,432.4,413.6,414.8,43435789.0
"700.HK","HK","HKD","2026-06-24T00:00:00Z",414.0,439.8,412.6,428.8,39958288.0
"700.HK","HK","HKD","2026-06-25T00:00:00Z",428.6,428.6,418.0,421.4,29472428.0
"700.HK","HK","HKD","2026-06-26T00:00:00Z",418.0,421.2,411.0,411.8,31872909.0
"700.HK","HK","HKD","2026-06-29T00:00:00Z",417.0,432.0,415.0,420.2,33066070.0
"700.HK","HK","HKD","2026-06-30T00:00:00Z",421.2,435.6,418.4,429.8,38994433.0
"700.HK","HK","HKD","2026-07-02T00:00:00Z",442.6,447.0,429.4,430.2,40905100.0
"700.HK","HK","HKD","2026-07-03T00:00:00Z",433.0,445.8,431.2,431.2,24957296.0
"700.HK","HK","HKD","2026-07-06T00:00:00Z",432.8,453.4,425.4,452.0,41502083.0
"700.HK","HK","HKD","2026-07-07T00:00:00Z",459.0,479.8,457.0,461.2,55418434.0
"700.HK","HK","HKD","2026-07-08T00:00:00Z",461.2,482.8,460.6,478.8,56162907.0
"700.HK","HK","HKD","2026-07-09T00:00:00Z",479.0,485.0,467.2,469.6,42402178.0
"700.HK","HK","HKD","2026-07-10T00:00:00Z",472.8,473.6,458.8,460.2,40438498.0
"700.HK","HK","HKD","2026-07-13T00:00:00Z",463.2,473.8,456.2,457.6,24291842.0
"700.HK","HK","HKD","2026-07-14T00:00:00Z",457.6,459.2,447.4,456.2,25540540.0
"700.HK","HK","HKD","2026-07-15T00:00:00Z",467.6,476.4,455.4,474.0,33780856.0
"700.HK","HK","HKD","2026-07-16T00:00:00Z",478.0,494.8,477.4,484.0,42851558.0
"700.HK","HK","HKD","2026-07-17T00:00:00Z",488.8,488.8,458.0,461.6,36237717.0
"700.HK","HK","HKD","2026-07-20T00:00:00Z",465.6,481.8,465.6,477.8,30822439.0
"700.HK","HK","HKD","2026-07-21T00:00:00Z",478.2,482.6,472.8,474.0,21362780.0
"700.HK","HK","HKD","2026-07-22T00:00:00Z",468.0,468.0,440.6,440.6,66379871.0
"700.HK","HK","HKD","2026-07-23T00:00:00Z",440.0,450.8,439.0,445.2,22888616.0
"700.HK","HK","HKD","2026-07-24T00:00:00Z",438.2,438.8,432.0,434.6,22959603.0
"700.HK","HK","HKD","2026-07-27T00:00:00Z",438.8,446.4,435.4,443.0,14454552.0
"700.HK","HK","HKD","2026-07-28T00:00:00Z",447.8,452.0,441.6,447.2,18144049.0
"700.HK","HK","HKD","2026-07-29T00:00:00Z",453.0,469.4,450.0,466.4,36203193.0
"700.HK","HK","HKD","2026-07-30T00:00:00Z",466.4,475.0,462.8,471.8,31791398.0
"700.HK","HK","HKD","2026-07-31T00:00:00Z",470.0,479.8,462.0,475.2,31113800.0
"700.HK","HK","HKD","2026-08-03T00:00:00Z",482.0,491.0,480.6,490.4,38649918.0
"700.HK","HK","HKD","2026-08-04T00:00:00Z",491.0,494.8,480.8,487.6,24860019.0
"700.HK","HK","HKD","2026-08-05T00:00:00Z",493.4,497.8,482.2,492.2,25662478.0
"700.HK","HK","HKD","2026-08-06T00:00:00Z",491.0,491.0,479.0,479.2,21801977.0
"700.HK","HK","HKD","2026-08-07T00:00:00Z",479.0,483.2,475.4,478.8,16318939.0
"700.HK","HK","HKD","2026-08-10T00:00:00Z",479.0,483.6,476.4,481.4,15508724.0
"700.HK","HK","HKD","2026-08-11T00:00:00Z",481.2,483.8,469.6,470.8,19558079.0
"700.HK","HK","HKD","2026-08-12T00:00:00Z",464.6,467.2,456.2,461.6,27593015.0
"700.HK","HK","HKD","2026-08-13T00:00:00Z",446.4,452.2,439.6,441.0,66424623.0
"700.HK","HK","HKD","2026-08-14T00:00:00Z",436.0,445.0,436.0,440.0,30601060.0
"700.HK","HK","HKD","2026-08-17T00:00:00Z",444.8,450.4,442.6,446.4,19842808.0
"700.HK","HK","HKD","2026-08-18T00:00:00Z",444.2,446.2,437.6,442.4,23218078.0
"700.HK","HK","HKD","2026-08-19T00:00:00Z",438.2,449.4,438.2,447.2,19773887.0
"700.HK","HK","HKD","2026-08-20T00:00:00Z",454.6,457.4,448.8,451.4,19621298.0
"700.HK","HK","HKD","2026-08-21T00:00:00Z",451.0,457.2,445.0,457.0,22326906.0
"700.HK","HK","HKD","2026-08-24T00:00:00Z",450.0,451.4,438.4,440.0,29180102.0
"700.HK","HK","HKD","2026-08-25T00:00:00Z",440.0,444.6,438.0,442.0,13032108.0
"700.HK","HK","HKD","2026-08-26T00:00:00Z",445.0,450.0,443.2,445.4,14643242.0
"700.HK","HK","HKD","2026-08-27T00:00:00Z",450.8,451.8,446.6,447.8,11487100.0
"700.HK","HK","HKD","2026-08-28T00:00:00Z",444.0,462.2,443.4,455.2,27742475.0
"700.HK","HK","HKD","2026-08-31T00:00:00Z",451.0,456.2,446.0,453.0,20149770.0
"700.HK","HK","HKD","2026-09-01T00:00:00Z",446.4,447.6,440.6,441.4,20289801.0
"700.HK","HK","HKD","2026-09-02T00:00:00Z",439.0,441.4,435.0,438.2,21341328.0
"700.HK","HK","HKD","2026-09-03T00:00:00Z",444.2,445.6,433.0,433.0,17387096.0
"700.HK","HK","HKD","2026-09-04T00:00:00Z",442.4,447.6,440.0,442.8,24025286.0
"700.HK","HK","HKD","2026-09-07T00:00:00Z",440.6,442.6,438.2,438.4,10442987.0
"700.HK","HK","HKD","2026-09-08T00:00:00Z",437.0,439.8,435.0,435.4,10414838.0
"700.HK","HK","HKD","2026-09-09T00:00:00Z",436.2,438.4,432.8,434.0,17643957.0
"700.HK","HK","HKD","2026-09-10T00:00:00Z",430.0,430.8,425.0,425.6,22333165.0
"700.HK","HK","HKD","2026-09-11T00:00:00Z",419.4,430.8,419.4,428.4,15628379.0
"700.HK","HK","HKD","2026-09-14T00:00:00Z",423.8,435.4,423.8,430.6,11364009.0
"700.HK","HK","HKD","2026-09-15T00:00:00Z",428.0,446.0,428.0,438.8,21791117.0
"700.HK","HK","HKD","2026-09-16T00:00:00Z",438.8,438.8,432.6,433.4,12686315.0
"700.HK","HK","HKD","2026-09-17T00:00:00Z",426.2,431.0,425.0,426.0,16185147.0
"700.HK","HK","HKD","2026-09-18T00:00:00Z",428.0,430.4,419.0,419.0,28796148.0
"700.HK","HK","HKD","2026-09-21T00:00:00Z",424.6,434.8,423.0,430.0,19669333.0
"700.HK","HK","HKD","2026-09-22T00:00:00Z",442.8,463.4,442.0,451.6,70737499.0
"700.HK","HK","HKD","2026-09-23T00:00:00Z",453.4,454.4,438.6,441.0,22309793.0
"700.HK","HK","HKD","2026-09-24T00:00:00Z",435.0,439.8,433.4,438.4,14277944.0
"700.HK","HK","HKD","2026-09-25T00:00:00Z",433.8,437.2,431.2,436.6,9113746.0
